주유소명,전기차 충전소,수소차 충전소
황전(광양)주유소,O,X
황전(전주)주유소,O,X
행담도(시흥)주유소,O,X
행담도(목포)주유소,O,X
통도사(부산)주유소,O,X
서울하이패스센터쉼터충전소,X,X
보성녹차(광양)주유소,O,X
보성녹차(목포)주유소,O,X
옥천만남의광장주유소,O,X
마장복합(하남)주유소,O,X
마장복합(통영)주유소,O,X
금왕(평택)주유소,O,X
금왕(제천)주유소,O,X
강천산(대구)주유소,O,X
천등산(제천)주유소,O,X
천등산(평택)주유소,O,X
강천산(광주)주유소,O,X
외동(포항)주유소,O,X
외동(울산)주유소,O,X
논공(광주)주유소,O,X
논공(대구)주유소,O,X
정안(논산)주유소,O,X
정안(천안)주유소,O,X
이인(천안)주유소,O,X
탄천(논산)주유소,O,X
청도(부산)주유소,O,X
청도(대구)주유소,O,X
가평(춘천)주유소,O,X
가평(서울)주유소,O,X
오산(동탄)주유소,O,X
오산(과천)주유소,O,X
장안(울산)주유소,O,X
장안(부산)주유소,O,X
건천(부산)주유소,O,X
송산(평택)주유소,O,X
송산(시흥)주유소,O,X
양주(판교)주유소,X,X
기념관(공항)주유소,O,X
양평(광주)주유소,X,X
양평(원주)주유소,X,X
광주(광주)주유소,X,X
광주(원주)주유소,X,X
의성(영덕)주유소,O,X
의성(청주)주유소,O,X
청송(영덕)주유소,X,X
청송(청주)주유소,X,X
성남(판교)주유소,O,X
구리남양주(일산)주유소,X,X
홍천(서울)주유소,O,X
홍천(양양)주유소,O,X
낙동강구미주유소,X,X
내린천(양양)주유소,O,X
낙동강의성주유소,X,X
군위영천주유소,X,X
삼국유사군위주유소,X,X
의정부(구리)주유소,X,X
별내(포천)주유소,X,X
시흥(일산)주유소,O,X
시흥(판교)주유소,O,X
내린천(서울)주유소,O,X
성주(양평)주유소,O,O
성주(창원)주유소,O,X
사천(순천)주유소,O,X
섬진강(부산)주유소,O,X
섬진강(순천)주유소,O,X
거창(대구)주유소,O,X
거창(고서)주유소,O,X
지리산(대구)주유소,O,X
화성(서울)주유소,O,X
화성(목포)주유소,O,X
서산(서울)주유소,O,X
대천(서울)주유소,O,X
대천(목포)주유소,O,X
군산(서울)주유소,O,X
군산(목포)주유소,O,X
고창(목포)주유소,O,X
고창(서울)주유소,O,X
서울만남(부산)주유소,O,X
죽전(서울)주유소,O,X
기흥(부산)주유소,O,X
안성(서울)주유소,O,O
안성(부산)주유소,O,O
입장(서울)주유소,O,X
망향(부산)주유소,O,X
천안(서울)주유소,O,X
천안(부산)주유소,O,X
청주(서울)주유소,O,X
옥산(부산)주유소,O,X
죽암(서울)주유소,O,X
죽암(부산)주유소,O,X
신탄진(서울)주유소,O,O
옥천(부산)주유소,O,X
옥천(서울)주유소,O,X
금강(부산)주유소,O,X
황간(부산)주유소,O,X
황간(서울)주유소,O,X
추풍령(부산)주유소,X,X
추풍령(서울)주유소,X,X
칠곡(부산)주유소,O,X
칠곡(서울)주유소,O,X
경산(서울)주유소,O,X
평사(부산)주유소,O,X
건천(서울)주유소,O,X
경주(부산)주유소,O,X
언양(서울)주유소,O,O
양산(서울)주유소,O,X
진영(부산)주유소,O,X
진영(순천)주유소,O,X
문산(순천)주유소,O,X
사천(부산)주유소,O,X
장유(부산)주유소,O,X
벌곡(천안)주유소,O,X
벌곡(순천)주유소,O,X
현풍(대구)주유소,O,X
현풍(현풍)주유소,O,X
동명(부산)주유소,O,X
동명(춘천)주유소,O,X
홍성(서울)주유소,O,X
홍성(목포)주유소,O,X
영천(포항)주유소,O,X
영천(대구)주유소,O,X
서천(서울)주유소,O,X
서천(목포)주유소,O,X
함평나비(광주)주유소,O,X
함평나비(무안)주유소,O,X
문경(마산)주유소,O,X
문경(양평)주유소,O,X
구정(동해)주유소,O,X
속리산(청원)주유소,O,X
남성주(양평)주유소,O,X
남성주(마산)주유소,O,X
진안(익산)주유소,O,X
고성(통영)주유소,O,X
고성(하남)주유소,O,X
괴산(양평)주유소,O,X
청통(대구)주유소,O,X
와촌(포항)주유소,O,X
옥계(속초)주유소,O,X
괴산(마산)주유소,O,X
김천(서울)주유소,O,X
진안(장수)주유소,O,X
화서(상주)주유소,O,X
구정(속초)주유소,O,X
예산(당진)주유소,O,X
예산(대전)주유소,O,X
공주(대전)주유소,O,X
부여백제(공주)주유소,O,X
부여백제(서천)주유소,O,X
공주(당진)주유소,O,X
목감(서울)주유소,X,X
의왕(일산)주유소,X,X
안성맞춤(평택)주유소,O,X
안성맞춤(충주)주유소,O,X
서산(목포)주유소,O,X
서하남(일산)주유소,O,X
지리산(고서)주유소,O,X
김천(부산)주유소,O,X
함안(부산)주유소,O,O
진주(부산)주유소,O,X
함안(순천)주유소,X,X
서여주(양평)주유소,O,X
서여주(마산)주유소,O,X
덕평(인천)주유소,O,X
이서(천안)주유소,O,X
이서(순천)주유소,O,X
덕평(강릉)주유소,O,X
오수(전주)주유소,O,X
오수(광양)주유소,O,X
함평천지(서울)주유소,O,X
함평천지(목포)주유소,O,X
여산(천안)주유소,X,X
여산(순천)주유소,O,X
정읍(천안)주유소,O,X
정읍(순천)주유소,O,X
백양사(천안)주유소,O,O
백양사(순천)주유소,O,X
곡성(천안)주유소,O,X
곡성(순천)주유소,O,X
주암(순천)주유소,O,X
주암(천안)주유소,O,X
하남만남(통영)주유소,O,O
이천(하남)주유소,O,X
이천(통영)주유소,O,X
음성(하남)주유소,O,X
음성(통영)주유소,O,O
오창(하남)주유소,O,X
오창(통영)주유소,O,X
인삼랜드(하남)주유소,O,X
인삼랜드(통영)주유소,O,X
덕유산(하남)주유소,O,X
덕유산(통영)주유소,O,X
함양(하남)주유소,O,X
함양(통영)주유소,O,X
산청(하남)주유소,O,X
산청(통영)주유소,O,X
충주(양평)주유소,O,X
충주(마산)주유소,O,X
선산(양평)주유소,O,X
선산(마산)주유소,O,X
영산(마산)주유소,O,X
칠서(양평)주유소,O,X
강릉(강릉)주유소,O,X
강릉(서창)주유소,O,X
평창(강릉)주유소,O,X
평창(서창)주유소,O,X
횡성(강릉)주유소,O,X
횡성(인천)주유소,O,X
문막(인천)주유소,O,X
문막(강릉)주유소,O,O
여주(인천)주유소,O,X
여주(강릉)주유소,O,O
용인(강릉)주유소,O,X
용인(인천)주유소,O,X
춘천(부산)주유소,O,O
홍천강(춘천)주유소,O,X
원주(춘천)주유소,O,X
원주(부산)주유소,O,X
치악(부산)주유소,O,X
치악(춘천)주유소,O,X
단양(춘천)주유소,O,X
단양(부산)주유소,O,X
안동(부산)주유소,O,X
안동(춘천)주유소,O,X
군위(부산)주유소,O,X
군위(춘천)주유소,O,X
동해(동해)주유소,O,X
김해(창원)주유소,O,X
김해(기장)주유소,O,X
매송(서울)주유소,O,X
매송(목포)주유소,O,X
구리(일산)주유소,O,X
평택(평택)주유소,O,X
평택(제천)주유소,O,X
장흥정남진(영암)주유소,X,X
장흥정남진(순천)주유소,X,X
울주(울산)주유소,X,X
울주(함양)주유소,X,X
